page_path,live_url,meta_title,google_title,meta_description,focus_keyword,extra_keywords,all_keywords,og_title,og_description,title_length,description_length,index_in_search,follow_links,slug,segment,city,subpage,project_slug
/,https://www.vividin2wrio.com,Choose your studio,Choose your studio | Vivid In2wrio,"Vivid In2wrio — premium & luxury interiors in Hyderabad and Bhubaneswar. Select your city for consultations, projects, and studio contact.",premium interiors Hyderabad Bhubaneswar,luxury interior design; modular kitchen; design studio India,premium interiors Hyderabad Bhubaneswar; luxury interior design; modular kitchen; design studio India,,,18,138,true,true,home,hub,,,
/bhubaneswar,https://www.vividin2wrio.com/bhubaneswar,Bhubaneswar studio,Bhubaneswar studio | Vivid In2wrio,"Premium & luxury interiors in Bhubaneswar — climate-smart homes, modular kitchens, English-led documentation, and Odisha studio execution.",interior design Bhubaneswar,luxury interiors Bhubaneswar; modular kitchen Odisha; interior designer Puri Bypass; Bhubaneswar design studio,interior design Bhubaneswar; luxury interiors Bhubaneswar; modular kitchen Odisha; interior designer Puri Bypass; Bhubaneswar design studio; Bhubaneswar modular kitchen; Vivid In2wrio,,,18,138,true,true,bhubaneswar,city-home,bhubaneswar,,
/bhubaneswar/about,https://www.vividin2wrio.com/bhubaneswar/about,About · Bhubaneswar,About · Bhubaneswar | Vivid In2wrio,"Meet the Vivid In2wrio Bhubaneswar studio — Odisha-led delivery, climate-aware specifications, and premium residential interiors on Puri Bypass.",about Vivid In2wrio Bhubaneswar,Odisha interior design studio; Puri Bypass design studio,about Vivid In2wrio Bhubaneswar; Odisha interior design studio; Puri Bypass design studio; interior design Bhubaneswar; luxury interiors Bhubaneswar; Bhubaneswar modular kitchen; Vivid In2wrio,,,19,144,true,true,bhubaneswar-about,city-subpage,bhubaneswar,about,
/bhubaneswar/blog,https://www.vividin2wrio.com/bhubaneswar/blog,Blog · Bhubaneswar,Blog · Bhubaneswar | Vivid In2wrio,"Editorial insights from Vivid In2wrio Bhubaneswar on Odisha homes, planning, and luxury residential interior trends.",interior design blog Bhubaneswar,Odisha home design insights; luxury residential trends,interior design blog Bhubaneswar; Odisha home design insights; luxury residential trends; interior design Bhubaneswar; luxury interiors Bhubaneswar; Bhubaneswar modular kitchen; Vivid In2wrio,,,18,116,true,true,bhubaneswar-blog,city-subpage,bhubaneswar,blog,
/bhubaneswar/careers,https://www.vividin2wrio.com/bhubaneswar/careers,Careers · Bhubaneswar,Careers · Bhubaneswar | Vivid In2wrio,"Careers at Vivid In2wrio Bhubaneswar — interior design, architecture, visualization, and execution roles in Odisha.",interior design jobs Bhubaneswar,architecture jobs Odisha; interior visualization careers,interior design jobs Bhubaneswar; architecture jobs Odisha; interior visualization careers; interior design Bhubaneswar; luxury interiors Bhubaneswar; Bhubaneswar modular kitchen; Vivid In2wrio,,,21,115,true,true,bhubaneswar-careers,city-subpage,bhubaneswar,careers,
/bhubaneswar/contact,https://www.vividin2wrio.com/bhubaneswar/contact,Contact · Bhubaneswar,Contact · Bhubaneswar | Vivid In2wrio,"Contact Vivid In2wrio Bhubaneswar — book a studio consultation via phone, WhatsApp, email, or the on-site enquiry form.",contact interior designer Bhubaneswar,book consultation Bhubaneswar; interior designer contact Odisha,contact interior designer Bhubaneswar; book consultation Bhubaneswar; interior designer contact Odisha; interior design Bhubaneswar; luxury interiors Bhubaneswar; Bhubaneswar modular kitchen; Vivid In2wrio,,,21,119,true,true,bhubaneswar-contact,city-subpage,bhubaneswar,contact,
/bhubaneswar/faq,https://www.vividin2wrio.com/bhubaneswar/faq,FAQ · Bhubaneswar,FAQ · Bhubaneswar | Vivid In2wrio,"Bhubaneswar studio FAQs — monsoon-ready finishes, site surveys, Hyderabad fabrication bridge, and English-only project documentation.",interior design FAQ Bhubaneswar,monsoon-ready interiors; Odisha interior design questions,interior design FAQ Bhubaneswar; monsoon-ready interiors; Odisha interior design questions; interior design Bhubaneswar; luxury interiors Bhubaneswar; Bhubaneswar modular kitchen; Vivid In2wrio,,,17,133,true,true,bhubaneswar-faq,city-subpage,bhubaneswar,faq,
/bhubaneswar/gallery,https://www.vividin2wrio.com/bhubaneswar/gallery,Gallery · Bhubaneswar,Gallery · Bhubaneswar | Vivid In2wrio,"Bhubaneswar project gallery — coastal apartments, modular kitchens, and wardrobe studies with renders and milestone-led delivery.",interior design gallery Bhubaneswar,modular kitchen projects Odisha; coastal apartment interiors,interior design gallery Bhubaneswar; modular kitchen projects Odisha; coastal apartment interiors; interior design Bhubaneswar; luxury interiors Bhubaneswar; Bhubaneswar modular kitchen; Vivid In2wrio,,,21,129,true,true,bhubaneswar-gallery,city-subpage,bhubaneswar,gallery,
/bhubaneswar/process,https://www.vividin2wrio.com/bhubaneswar/process,Process · Bhubaneswar,Process · Bhubaneswar | Vivid In2wrio,"Our Bhubaneswar design process — consultation, drawings, 3D approvals, procurement, and site leadership tuned for Odisha climate and pace.",interior design process Bhubaneswar,3D interior approvals; turnkey execution Odisha,interior design process Bhubaneswar; 3D interior approvals; turnkey execution Odisha; interior design Bhubaneswar; luxury interiors Bhubaneswar; Bhubaneswar modular kitchen; Vivid In2wrio,,,21,138,true,true,bhubaneswar-process,city-subpage,bhubaneswar,process,
/bhubaneswar/projects,https://www.vividin2wrio.com/bhubaneswar/projects,Projects · Bhubaneswar,Projects · Bhubaneswar | Vivid In2wrio,"Named Bhubaneswar case studies — coastal apartments, modular kitchens, and Patia corridor work with dedicated project pages.",interior design projects Bhubaneswar,coastal apartment case study; Patia corridor interiors,interior design projects Bhubaneswar; coastal apartment case study; Patia corridor interiors; interior design Bhubaneswar; luxury interiors Bhubaneswar; Bhubaneswar modular kitchen; Vivid In2wrio,,,22,124,true,true,bhubaneswar-projects,city-subpage,bhubaneswar,projects,
/bhubaneswar/projects/coastal-apartment-bbsr,https://www.vividin2wrio.com/bhubaneswar/projects/coastal-apartment-bbsr,Coastal apartment living,Coastal apartment living | Vivid In2wrio,"Coastal apartment interior in Bhubaneswar — humidity-ready finishes, tight services core, perimeter storage, and monsoon-resistant detailing for Patia–Chandrasekharpur plans.",Bhubaneswar interior design,coastal apartment Bhubaneswar; monsoon-ready finishes; Patia apartment interior,Bhubaneswar interior design; coastal apartment Bhubaneswar; monsoon-ready finishes; Patia apartment interior; interior design Bhubaneswar; luxury interiors Bhubaneswar; Bhubaneswar modular kitchen; Vivid In2wrio,,,24,174,true,true,bhubaneswar-projects-coastal-apartment-bbsr,project,bhubaneswar,,coastal-apartment-bbsr
/bhubaneswar/projects/modular-kitchen-odisha,https://www.vividin2wrio.com/bhubaneswar/projects/modular-kitchen-odisha,Modular kitchen & dining,Modular kitchen & dining | Vivid In2wrio,"Open modular kitchen and dining in Bhubaneswar — integrated appliances, deep canopy, English-led documentation, and Hyderabad fabrication for Odisha site execution.",Odisha interior design,modular kitchen Odisha; open kitchen dining Bhubaneswar; English interior documentation,Odisha interior design; modular kitchen Odisha; open kitchen dining Bhubaneswar; English interior documentation; interior design Bhubaneswar; luxury interiors Bhubaneswar; Bhubaneswar modular kitchen; Vivid In2wrio,,,24,164,true,true,bhubaneswar-projects-modular-kitchen-odisha,project,bhubaneswar,,modular-kitchen-odisha
/bhubaneswar/projects/wardrobe-study-patia,https://www.vividin2wrio.com/bhubaneswar/projects/wardrobe-study-patia,Wardrobe & study,Wardrobe & study | Vivid In2wrio,"Patia corridor wardrobe and study niche — sliding screens, layered lighting, and joinery sized for monsoon textiles in a compact Odisha residential room.",Patia corridor interior design,wardrobe design Patia; study room interior Odisha; combined wardrobe desk,Patia corridor interior design; wardrobe design Patia; study room interior Odisha; combined wardrobe desk; interior design Bhubaneswar; luxury interiors Bhubaneswar; Bhubaneswar modular kitchen; Vivid In2wrio,,,16,153,true,true,bhubaneswar-projects-wardrobe-study-patia,project,bhubaneswar,,wardrobe-study-patia
/bhubaneswar/services,https://www.vividin2wrio.com/bhubaneswar/services,Services · Bhubaneswar,Services · Bhubaneswar | Vivid In2wrio,"Modular kitchens, full-home interiors, and turnkey execution in Bhubaneswar — English-led documentation and Hyderabad fabrication when needed.",interior design services Bhubaneswar,full-home interiors Bhubaneswar; turnkey modular kitchen Odisha,interior design services Bhubaneswar; full-home interiors Bhubaneswar; turnkey modular kitchen Odisha; interior design Bhubaneswar; luxury interiors Bhubaneswar; Bhubaneswar modular kitchen; Vivid In2wrio,,,22,142,true,true,bhubaneswar-services,city-subpage,bhubaneswar,services,
/bhubaneswar/visit,https://www.vividin2wrio.com/bhubaneswar/visit,Visit · Bhubaneswar,Visit · Bhubaneswar | Vivid In2wrio,"Visit Vivid In2wrio Bhubaneswar — Plot No. 2165/8180, Puri Bypass, Mangaraj Point, Bhubaneswar 751006. Mon–Sat by appointment.",interior design studio Bhubaneswar,Puri Bypass studio visit; book appointment Bhubaneswar,interior design studio Bhubaneswar; Puri Bypass studio visit; book appointment Bhubaneswar; interior design Bhubaneswar; luxury interiors Bhubaneswar; Bhubaneswar modular kitchen; Vivid In2wrio,,,19,126,true,true,bhubaneswar-visit,city-subpage,bhubaneswar,visit,
/hyderabad,https://www.vividin2wrio.com/hyderabad,Hyderabad studio,Hyderabad studio | Vivid In2wrio,"Premium & luxury interiors in Hyderabad — bespoke residential and commercial design, modular kitchens, 3D sign-off, and studio-led execution from Secunderabad.",interior design Hyderabad,luxury interiors Hyderabad; modular kitchen Hyderabad; interior designer Secunderabad; Telangana interior studio,interior design Hyderabad; luxury interiors Hyderabad; modular kitchen Hyderabad; interior designer Secunderabad; Telangana interior studio; Hyderabad modular kitchen; Vivid In2wrio,,,16,159,true,true,hyderabad,city-home,hyderabad,,
/hyderabad/about,https://www.vividin2wrio.com/hyderabad/about,About · Hyderabad,About · Hyderabad | Vivid In2wrio,"Meet the Vivid In2wrio Hyderabad studio — luxury residential and commercial interiors, founder-led design, and execution from Sainikpuri, Secunderabad.",about Vivid In2wrio Hyderabad,Hyderabad interior design studio; luxury residential interiors,about Vivid In2wrio Hyderabad; Hyderabad interior design studio; luxury residential interiors; interior design Hyderabad; luxury interiors Hyderabad; Hyderabad modular kitchen; Vivid In2wrio,,,17,151,true,true,hyderabad-about,city-subpage,hyderabad,about,
/hyderabad/blog,https://www.vividin2wrio.com/hyderabad/blog,Blog · Hyderabad,Blog · Hyderabad | Vivid In2wrio,"Editorial insights from Vivid In2wrio Hyderabad on planning, kitchens, luxury residential trends, and studio-led interior design.",interior design blog Hyderabad,Telangana home design insights; luxury kitchen planning,interior design blog Hyderabad; Telangana home design insights; luxury kitchen planning; interior design Hyderabad; luxury interiors Hyderabad; Hyderabad modular kitchen; Vivid In2wrio,,,16,129,true,true,hyderabad-blog,city-subpage,hyderabad,blog,
/hyderabad/careers,https://www.vividin2wrio.com/hyderabad/careers,Careers · Hyderabad,Careers · Hyderabad | Vivid In2wrio,"Careers at Vivid In2wrio Hyderabad — interior design, architecture, 3D visualization, and site execution roles in Telangana.",interior design jobs Hyderabad,3D visualization jobs Hyderabad; site execution roles Telangana,interior design jobs Hyderabad; 3D visualization jobs Hyderabad; site execution roles Telangana; interior design Hyderabad; luxury interiors Hyderabad; Hyderabad modular kitchen; Vivid In2wrio,,,19,124,true,true,hyderabad-careers,city-subpage,hyderabad,careers,
/hyderabad/contact,https://www.vividin2wrio.com/hyderabad/contact,Contact · Hyderabad,Contact · Hyderabad | Vivid In2wrio,"Book a private design consultation at our Hyderabad studio — phone, WhatsApp, email, and enquiry form for residential and commercial projects.",contact interior designer Hyderabad,book interior consultation Hyderabad; Vivid In2wrio contact,contact interior designer Hyderabad; book interior consultation Hyderabad; Vivid In2wrio contact; interior design Hyderabad; luxury interiors Hyderabad; Hyderabad modular kitchen; Vivid In2wrio,,,19,142,true,true,hyderabad-contact,city-subpage,hyderabad,contact,
/hyderabad/faq,https://www.vividin2wrio.com/hyderabad/faq,FAQ · Hyderabad,FAQ · Hyderabad | Vivid In2wrio,"Hyderabad studio FAQs — service areas, first consultation prep, parking, and typical timelines for modular kitchens and full-home interiors.",interior design FAQ Hyderabad,modular kitchen timeline; Hyderabad studio consultation,interior design FAQ Hyderabad; modular kitchen timeline; Hyderabad studio consultation; interior design Hyderabad; luxury interiors Hyderabad; Hyderabad modular kitchen; Vivid In2wrio,,,15,140,true,true,hyderabad-faq,city-subpage,hyderabad,faq,
/hyderabad/gallery,https://www.vividin2wrio.com/hyderabad/gallery,Gallery · Hyderabad,Gallery · Hyderabad | Vivid In2wrio,"Hyderabad project gallery — kitchens, villas, and apartments with renders, joinery detail, and design-to-delivery outcomes from our Telangana studio.",interior design gallery Hyderabad,villa interior renders; luxury kitchen gallery Hyderabad,interior design gallery Hyderabad; villa interior renders; luxury kitchen gallery Hyderabad; interior design Hyderabad; luxury interiors Hyderabad; Hyderabad modular kitchen; Vivid In2wrio,,,19,149,true,true,hyderabad-gallery,city-subpage,hyderabad,gallery,
/hyderabad/process,https://www.vividin2wrio.com/hyderabad/process,Process · Hyderabad,Process · Hyderabad | Vivid In2wrio,"Our Hyderabad design process — consultation, planning, 3D sign-off, procurement, and precision execution with clear milestones and studio accountability.",interior design process Hyderabad,3D sign-off interior design; turnkey execution Hyderabad,interior design process Hyderabad; 3D sign-off interior design; turnkey execution Hyderabad; interior design Hyderabad; luxury interiors Hyderabad; Hyderabad modular kitchen; Vivid In2wrio,,,19,153,true,true,hyderabad-process,city-subpage,hyderabad,process,
/hyderabad/projects,https://www.vividin2wrio.com/hyderabad/projects,Projects · Hyderabad,Projects · Hyderabad | Vivid In2wrio,"Named Hyderabad case studies — Delhi kitchen, Indukuri villas, and signature residential work with dedicated pages, scope, and imagery.",interior design projects Hyderabad,Indukuri villa case study; luxury kitchen project Hyderabad,interior design projects Hyderabad; Indukuri villa case study; luxury kitchen project Hyderabad; interior design Hyderabad; luxury interiors Hyderabad; Hyderabad modular kitchen; Vivid In2wrio,,,20,135,true,true,hyderabad-projects,city-subpage,hyderabad,projects,
/hyderabad/projects/delhi-kitchen-design,https://www.vividin2wrio.com/hyderabad/projects/delhi-kitchen-design,Delhi kitchen design,Delhi kitchen design | Vivid In2wrio,"Delhi-region kitchen case study — work triangles, integrated appliances, and signed-off finishes before fabrication.",luxury modular kitchen design,integrated kitchen appliances; kitchen work triangle design,luxury modular kitchen design; integrated kitchen appliances; kitchen work triangle design; interior design Hyderabad; luxury interiors Hyderabad; Hyderabad modular kitchen; Vivid In2wrio,,,20,116,true,true,hyderabad-projects-delhi-kitchen-design,project,hyderabad,,delhi-kitchen-design
/hyderabad/projects/joseph-kitchen-design,https://www.vividin2wrio.com/hyderabad/projects/joseph-kitchen-design,Joseph Kitchen Design,Joseph Kitchen Design | Vivid In2wrio,"Joseph residence kitchen design — open kitchen to dining axis, tall-unit storage, integrated appliances, and 3D sign-off before fabrication at this Hyderabad-area home.",Joseph interior design,open kitchen design Hyderabad; custom modular kitchen; kitchen dining axis,Joseph interior design; open kitchen design Hyderabad; custom modular kitchen; kitchen dining axis; interior design Hyderabad; luxury interiors Hyderabad; Hyderabad modular kitchen; Vivid In2wrio,,,21,168,true,true,hyderabad-projects-joseph-kitchen-design,project,hyderabad,,joseph-kitchen-design
/hyderabad/projects/sheeba-villa-157-indukuri,https://www.vividin2wrio.com/hyderabad/projects/sheeba-villa-157-indukuri,Sheeba Villa 157 Indukuri Renders,Sheeba Villa 157 Indukuri Renders | Vivid In2wrio,"Sheeba Villa 157 Indukuri villa renders — full interior study for living, suites, and service cores along the Hyderabad Indukuri corridor with photoreal 3D sign-off.",Indukuri · Hyderabad interior design,villa interior renders; Indukuri corridor villa; full home interior Hyderabad,Indukuri · Hyderabad interior design; villa interior renders; Indukuri corridor villa; full home interior Hyderabad; interior design Hyderabad; luxury interiors Hyderabad; Hyderabad modular kitchen; Vivid In2wrio,,,33,165,true,true,hyderabad-projects-sheeba-villa-157-indukuri,project,hyderabad,,sheeba-villa-157-indukuri
/hyderabad/projects/villa-173-west-indukuri-lakeshore,https://www.vividin2wrio.com/hyderabad/projects/villa-173-west-indukuri-lakeshore,Villa 173 West Indukuri Lakeshore Renders,Villa 173 West Indukuri Lakeshore Renders | Vivid In2wrio,"Villa 173 west lakeshore interiors — solar gain control, west-facing glazing, and durable stone-to-timber transitions for Indukuri corridor humidity and monsoon splash.",Indukuri Lakeshore interior design,lakeshore villa interior; west-facing glazing design; Indukuri villa renders,Indukuri Lakeshore interior design; lakeshore villa interior; west-facing glazing design; Indukuri villa renders; interior design Hyderabad; luxury interiors Hyderabad; Hyderabad modular kitchen; Vivid In2wrio,,,41,168,true,true,hyderabad-projects-villa-173-west-indukuri-lakeshore,project,hyderabad,,villa-173-west-indukuri-lakeshore
/hyderabad/projects/villa-193-east-indukuri-lakeshore,https://www.vividin2wrio.com/hyderabad/projects/villa-193-east-indukuri-lakeshore,Villa 193 East Indukuri Lakeshore Renders,Villa 193 East Indukuri Lakeshore Renders | Vivid In2wrio,"Villa 193 east lakeshore villa — morning light, generous living volume, and warm-minimal joinery with Hyderabad studio oversight from design through handover.",Indukuri Lakeshore interior design,east lakeshore villa; luxury villa interior Hyderabad; warm minimal joinery,Indukuri Lakeshore interior design; east lakeshore villa; luxury villa interior Hyderabad; warm minimal joinery; interior design Hyderabad; luxury interiors Hyderabad; Hyderabad modular kitchen; Vivid In2wrio,,,41,158,true,true,hyderabad-projects-villa-193-east-indukuri-lakeshore,project,hyderabad,,villa-193-east-indukuri-lakeshore
/hyderabad/services,https://www.vividin2wrio.com/hyderabad/services,Services · Hyderabad,Services · Hyderabad | Vivid In2wrio,"Modular kitchens, full-home interiors, architecture, 3D visualization, and turnkey execution — Hyderabad studio services from consultation to handover.",interior design services Hyderabad,modular kitchen Hyderabad; turnkey interiors; 3D interior visualization,interior design services Hyderabad; modular kitchen Hyderabad; turnkey interiors; 3D interior visualization; interior design Hyderabad; luxury interiors Hyderabad; Hyderabad modular kitchen; Vivid In2wrio,,,20,151,true,true,hyderabad-services,city-subpage,hyderabad,services,
/hyderabad/visit,https://www.vividin2wrio.com/hyderabad/visit,Visit · Hyderabad,Visit · Hyderabad | Vivid In2wrio,"Visit Vivid In2wrio Hyderabad — Phase II, Valluvar Nagar, Laxmipuri, Sainikpuri, Secunderabad 500094. Mon–Sat by appointment.",interior design studio Secunderabad,Sainikpuri studio visit; Secunderabad design studio,interior design studio Secunderabad; Sainikpuri studio visit; Secunderabad design studio; interior design Hyderabad; luxury interiors Hyderabad; Hyderabad modular kitchen; Vivid In2wrio,,,17,125,true,true,hyderabad-visit,city-subpage,hyderabad,visit,
/privacy,https://www.vividin2wrio.com/privacy,Privacy,Privacy | Vivid In2wrio,How Vivid In2wrio handles information you share through this marketing site and enquiry forms.,privacy policy Vivid In2wrio,data privacy; enquiry form information; marketing site privacy,privacy policy Vivid In2wrio; data privacy; enquiry form information; marketing site privacy,,,7,94,true,true,privacy,global,,,
/projects,https://www.vividin2wrio.com/projects,All projects,All projects | Vivid In2wrio,"Case studies across Hyderabad and Bhubaneswar — kitchens, villas, and apartments with name-specific scope and documentation.",interior design portfolio,luxury home projects; modular kitchen case study; Vivid In2wrio,interior design portfolio; luxury home projects; modular kitchen case study; Vivid In2wrio,,,12,124,true,true,projects,global,,,
